PI,Test #,Date,GMT,Sample #,Fuel Sample Material,Flow restrictor,Fan display,Air display,Radiometer gain   (1000   250   50   10),Total Frames Shot,Calibrated  initial O2 % by vol ,Calibrated final O2 % by vol,Initial CO2 % by vol,Final CO2 % by vol,Initial CO (ppm),Final CO (ppm)
Bhattacharjee,B1,2/19/2014,50,147,100 micron PMMA film   2 cm wide,2,62,5,50,57,22.2,22.2,0.44,0.44,0,6
Bhattacharjee,B2,2/19/2014,50,155,200 micron PMMA film   2 cm wide,2,62,5,50,none,22.2,1.6,0.44,,6,
Bhattacharjee,B3,2/19/2014,50,148,100 micron film   2 cm wide,2,47,2,50,253,22.2,21.8,0.43,0.49,12,19
Bhattacharjee,B4,2/19/2014,50,159,300 micron PMMA film   2 cm wide ,2,61,5,50,137,22.2,22.2,0.44,0.51,-1,10
Bhattacharjee,B5,2/19/2014,50,156,200 micron  2 cm wide ,2,59,5,50,206,22.2,21.9,0.43,0.43,0,12
Bhattacharjee,B6,7/7/2014,188,153m,2 cm 0.1 mm PMMA film,2,0.9   1.3   2.75,3   5   approaching 10,10,80,21,20.9,0.33,0.41,0,0.3
Bhattacharjee,B7,2/19/2014,50,161,400 micron film   2 cm wide,2,47,2,50,84,22.2,22.1,0.45,0.51,1,17
Bhattacharjee,B8,7/7/2014,188,157m,2 cm   0.2 mm PMMA film,0,1.4    incr to 10.0,10   max,10,226,21,20.5,0.33,0.58,0,131
Bhattacharjee,B9,7/7/2014,188,154m,2 cm   0.1 mm PMMA film,2,0.6   0.35,2   <1,10,45,21,20.9,0.33,0.35,0,10
Bhattacharjee,B10,7/7/2014,188,173m,1 cm   0.2 mm PMMA film,2,1.7 (52)   1.25   0.9   0.6   0.4   0.35,5  4  3  2  1,10,123,21,20.8,0.33,0.44,0,23
Bhattacharjee,B11,7/7/2014,188,158m,2 cm   0.2 mm PMMA film,2,2.5 (59)   1.3   0.7   0.5   0.35,5   3   1   <1,10,131,21,20.7,0.33,0.47,0,46
Bhattacharjee,B12,2/19/2014,50,160,300 micron film   2 cm wide,2,46.5,2,50,160,22.2,22.1,0.51,0.56,17,33
Bhattacharjee,B13,7/7/2014,188,162m,2 cm   0.4 mm thick film,2,3.5 (68)    1.7   1.25   0.9   0.6   0.4   0.35,10   5  4  3  2  1,10,311,21,20.5,0.33,0.65,0,61
Bhattacharjee,B14,7/2/2014,183,174m,1 cm wide 200 micron thick PMMA,2,pot 0.9   0.5 and down,5  3  2   ext,250,44,15,none,0,none,0.2,none
Bhattacharjee,B15,7/7/2014,188,149m,2 cm   0.1 mm PMMA film,0,1.4 (50) incr to 10.0 pot,10   max,10,122,21,20.8,0.33,0.43,0,22
Bhattacharjee,B16,7/2/2014,183,150m,2 cm 100 micron thick PMMA,2,44 (pot 0.68),3  0.5 pot   0.4 pot,250,94,17.3,17.2,0.47,0.51,103,119
Bhattacharjee,B17,7/2/2014,183,175m,1 cm wide 200 micron thick PMMA,2,pot 1.2 (48)    0.9   0.4 ,5   3    pot 0.4,250,190,17.5,17.4,0.2,0.34,0,47
Bhattacharjee,B18,7/2/2014,183,176m,1 cm wide 200 micron thick PMMA,0,pot 1.02 (47)   incr to 7.0,10   blowoff,250,152,17.4,17.4,0.34,0.42,47,78
Bhattacharjee,B19,7/2/2014,183,151m,2 cm 100 micron thick PMMA,0,47 (pot 1.05)   incr to pot 6.0,10   blowoff,250,95,17.3,17.2,0.51,0.57,119,131
Bhattacharjee,B20,7/2/2014,183,152m,2 cm 100 micron thick PMMA,2,48   pot 0.9   0.5,5   3      pot 0.5,250,111,17.4,17.4,0.42,0.47,78,103
Bhattacharjee,B21,8/4/2014,216,174m,1 cm wide 200 micron thick PMMA,1,53   and down,5 down to ext,250,88,20.8,20.6,0.36,0.44,-1,18
Bhattacharjee,B22,8/4/2014,216,176m,1 cm wide 200 micron thick PMMA,1,53   42   41   40.5,5   2   0,250,77,20.7,20.5,0.41,0.47,-1,10
Ferkul,F1,2/19/2014,50,227,Nomex natural (nomex III),2,82,9.5,250,208,22.2,22.2,0.46,0.45,0,2
Ferkul,F2,7/28/2014,209,228m,Nomex natural (nomex III),2,92,15,250,72,21,21,0.37,0.39,105,82
Ferkul,F3,8/1/2014,213,229m,Nomex natural (nomex III),1,61,8,50,46,21.7,none,0.36,none,2,none
Ferkul,F4,6/24/2014,175,39M,Japan Wax candle,2,see notes,3 ign,250,270,17.4,17.4,0.38,0.48,22,56
Miller,M1,2/20/2014,51,222,1 mm thick PMMA   1 sided   2 cm,2,58   54,10  8,50,304,22.2,21.9,0.45,0.61,0,60
Miller,M2,2/20/2014,51,224,3 mm thick PMMA 1 sided    2 cm wide,0,116 (pot 9.3)    89   80   84,20  15  13   14,50,262,22.2,21.2,0.46,1.33,12,325
Miller,M3,7/11/2014,192,226m,2 cm wide   5 mm thick 1 sided PMMA,2,3.0  3.1  3.2  6.4  5.5  5.4,10   20  18,250>50>250,223,20.8,19.7,0.33,1.18,11,300
Miller,M4,7/31/2014,212,171m,5 mm thick PMMA   2 cm wide,1,52   47   43,5   4   3,250>50,262,21.8,19.8,0.42,2.15,2,561
Miller,M5,2/20/2014,51,167,3 mm thick PMMA   2 sided   2 cm thick,0,,20  13  10  8  5,50,300+   +102,22.2,19,0.44,3.22,9,>500
Miller,M6,7/31/2014,212,163m,1 mm thick PMMA   2 cm wide,1,68   52   47   43   42   41,10   5   3   0,250,269,21.8,20.7,0.38,1.27,1,345
Miller,M7,7/11/2014,192,177m,1 cm wide PMMA 1 mm thick,2,2.6   1.3   0.8  0.7  0.6  0.5; 60   49  45  44  43  42,10   6  5  4.5  4  3,250,217,18.9,18.4,1.42,1.84,398,612
Miller,M8,7/11/2014,192,178m,1 cm wide PMMA 2 mm thick,2,3.3   1.6  1.0   decr,10   5>7  5 decr,50>250,292,19.1,18.2,0.44,1.28,52,467
Miller,M9,7/11/2014,192,179m,1 cm wide PMMA 3 mm thick,2,3.3   4.8;66  79,10   14,50   250,156,18,17.6,0.26,0.54,0,191
Miller,M10,7/23/2014,204,180m,4 mm thick   1 cm wide PMMA slab,2,75   105   94/91   72/69   63/61  (4.4   8.0   6.6/6.3   4.0/3.7   3/0/2.7),10  17  14  10  8,250  50  250,209,20.1,18.6,0.36,1.59,-1,536
Miller,M11,7/11/2014,192,181m,1 cm wide PMMA 5 mm thick,2,3.9  6.5  4.6  3.3  2.9  2.8; 62.5  93  77  66  63  62,10   20   15  12,250,247,20,18.5,0.58,1.68,46,577
Miller,M12,7/31/2014,212,165m,2 mm thick PMMA   2 cm wide,1,41   42   41,<1,250>50,271,21.7,20.4,0.42,1.42,15,443
Miller,M13,7/31/2014,212,169m,4 mm thick PMMA   2 cm wide,1,52   47   43,6   5   4,250>50,258,20.8,19,0.36,1.75,0,487
Miller,M14,2/20/2014,51,223,2mm thick PMMA   1 sided   2 cm wide,2,pot 2.4   1.87  (54),10   ~8,50,259,22.2,21.6,0.45,0.98,0,198
Miller,M15,7/7/2014,188,225m,2 cm   4 mm 1 sided PMMA slab,2,ignited 10   adjusted down then up to 20   down in incrments to 15,10   8  7  8  10  20  18  16  15,10   250,153,21,20,0.37,1.1,1,220
Miller,M16,7/23/2014,204,164m,1 mm thick PMMA   2 cm wide,2,73  57  59  48  45  43  75 (4.2  2.2  2.4  1.2  0.8  0.5  4.4),10  6  3  2  1  10,250  50  250,299,19.2,18.7,0.95,1.75,118,421
Miller,M17,7/15/2014,196,166m,2 cm wide PMMA 2 mm thick,2,Fan pot 3.7   1.7   1.5   1.3   0.8   0.6   0.5   0.3ext,10   5   3   0ext,250>50>250,309,18.8,17.1,0.35,1.7,4,485
Miller,M18,7/15/2014,196,168m,2 cm wide PMMA 3 mm thick,2,Fan pot 3.5   5 (brief)   3  5   2.2,10   15 (brief)   10   8,50>250,178,17.9,16.8,0.32,1.31,0,335
Miller,M19,7/23/2014,204,170m,4 mm thick   2 cm 2ide PMMA slab,2,75  105  94  75  77  79  59  61  57  55  53 (4.4  8.0  6.6  4.4  4.6  4.8  2.5  2.7  2.2  2.0  1.8),10  17  14  10  7  5,250   50   250,201,19,17.4,0.35,1.6,3,357
Miller,M20,8/1/2014,213,172m,5 mm thick PMMA   2 cm wide,1,67   58,10  8,50,168,18,17.4,0.3,0.75,0,157
Olson,O1,2/18/2014,49,207,"1/4"" clear rod",2,89  62  50  41,20  10  5  2  1,50,62,22.2,21.7,0.44,0.85,-1,51
Olson,O2,2/18/2014,49,204,"1/4"" clear rod",2,.54 pot   0.45 pot,0,50,287,22.2,21.9,0.44,0.59,-1,23
Olson,O3a,6/13/2014,164,205M,"1/4"" clear rod",2,,5  3,1000,85,18,18,0.25,0.28,16,22
Olson,O3b,6/13/2014,164,205M,"1/4"" clear rod",2,,5  3  2  1  low,1000   250,306,18,17.7,0.28,0.53,22,116
Olson,O4,7/8/2014,189,216m,"3/8""clear rod",2,5   0.7   0.5   0.4   0.36 ext,5   down to ext,250,249,14.8,13.6,0.72,1.72,290,OR
Olson,O5a,7/21/2014,202,220m,"1/2"" clear PMMA rod",2,1.3   2.7   1.3   0.7   0.45. 4.0,5  10  5   2   0 (49   62   49   44   42),250,164,15.1,14.2,0.25,1.05,-2,496
Olson,O5b,7/21/2014,202,220m,"1/2"" clear PMMA rod",2,1.3,49   5 cm/s,250,2,14.2,14.1,1.05,1.14,496,590
Olson,O6,6/26/2014,177,206M,"1/4"" clear rod",2,5   .36  .32  .31  .305   out .275,see fan,250,241,16.7,16,0.32,0.74,1,232
Olson,O7,6/26/2014,177,214m,"1/4"" clear rod",2,5   .36  .32  ..305   blowoff fan max 10,,250,254,16,15.5,0.74,1.27,232,512
Olson,O8a,6/26/2014,177,208m,"1/4"" clear rod",2,5   .36  .32  .31   extinguished,,250,133,15.7,15.3,1.23,1.44,436,536
Olson,O8b,6/26/2014,177,208m,"1/4"" clear rod",2,5  .36  .32  .31 blowoff fan pot 6.0,,250,152,15.5,15.2,1.44,1.74,536,660
Olson,O9,6/26/2014,177,209m,"1/4"" clear rod",2,5   .36  .32 blowoff pt 4.0,,250,154,15,14.8,1.74,1.96,660,794
Olson,O10,7/22/2014,213,210m,"1/4"" clear rod",2,49  44  41   122 (1.3   0.7   0.4   0.36   0.32   10),5  2   0   max,250,172,16.7,16.1,1.61,2.1,94,287
Olson,O11,7/8/2014,189,184m,"1/4"" black rod",2,ign 5   0.36   0.32   0.31   0.305   blowoff 6.0,5   down then blowoff,250,271,15.4,14.8,0.27,0.72,2,290
Olson,O12,7/8/2014,189,217m,"3/8"" clear rod",2,pots 1.4   3   0.9   0.7,no ign at any flow,250,52,13.6,13.5,1.72,1.71,OR,OR
Olson,O13a,7/21/2014,202,221m,"1/2"" clear PMMA rod",2,1.3   0.7   0.45   0.36   0.32   0.31,49  44  42  41  41  40.5 (5   2   0),250,199,15.9,14.6,0.91,1.85,389,950
Olson,O13b,7/21/2014,202,221m,"1/2"" clear PMMA rod",2,1.3   0.9,7   4? (49   ?),250,6,14.6,14.4,1.85,2.09,950,over
Olson,O14,8/1/2014,213,183m,"1/4"" black rod",1,52   and down,5 down to ext,250,279,16.3,15.3,0.29,0.86,4,352
Olson,O15a,7/28/2014,209,218m,"3/8"" clear rod",2,57.5   47   42   41 (2.3   1.0   0.5   0.35   0.32),5  0,250,124,17.1,16.7,0.27,0.62,0,176
Olson,O15b,7/28/2014,209,218m,"3/8"" clear rod",2,57.5   42   41   40 (2.3   0.5   0.35   0.34   0.33   0.32   0.31   0.30   0.29   0.28   0.27),5   0,250,316,16.7,15.6,0.62,1.63,176,751
Olson,O16,7/29/2014,210,219m,"3/8""clear rod",2,60 (2.6),5,250,10 postburn only,14.5,14.5,0.27,0.32,2,33
Olson,O17,7/22/2014,203,211m,"1/4"" clear rod",2,49   46.5   44   42  41  72   decr (1.3   1.0   0.7   0.5   0.4   4.0   decr ),3   0   11,250,174,15.1,14.3,0.31,0.9,2,377
Olson,O18,7/28/2014,209,212m,"1/4"" clear rod",2,57  51  47  72  51  72  51  47 (2.3   1.5   1.0   4.0   1.5   4.0   1.5   1.0),5  2  0  11  2  11  2  0,250,176,15.2,14.5,1.45,1.94,523,816
Olson,O19,8/1/2014,213,213m,"1/4"" clear rod",1,52   and down,5 down to ext,250,266,15.3,14.6,0.86,1.51,352,686
Olson,O20,2/26/2016,57,204m,"1/4"" clear rod",0,49 (1.3 pot)   pots 7   8  9   10,5   8    incr to max 38.5,50,video,16.5,15.9,0.2,0.57,-3,57
Olson,O21,2/26/2016,57,219m,"3/8"" clear rod",0,46 (pot 0.8)    pot 7   10,incr to 28,50,video,15.9,15.4,0.53,0.95,52,187
Olson,O22,2/26/2016,57,220m,"1/2"" clear rod ",0,49 (pot 1.1)   blowoff pot 5   out at fan 87,4 incr to 26.5,50,video,15.4,14.9,0.92,1.33,185,322
Fernandez-Pello,P1,6/16/2014,167,185M,"1/4"" black rod",2,,5  2   slow decr to ext,250,307,17.7,17.5,0.27,0.44,1,14
Fernandez-Pello,P2,6/16/2014,167,188M,"1/4"" black rod",2,,5   2.5   2 (pot .9   .5   .35.  .33),250,303,17.4,17.2,0.44,0.66,14,26
Fernandez-Pello,P3a,6/16/2014,167,215M,"1/4"" clear rod",2,,5   2.5 (1.15   .5   .35   .33. .32   .315   .31   .3),250,304,17.7,17.4,0.27,0.51,2,33
Fernandez-Pello,P3b,6/16/2014,167,215M,1/4 clear rod,2,,5   very low (0.85   0.32   0.31   0.305   0.30   0.295),250,303,17.4,16.8,0.51,none,33,79
Fernandez-Pello,P4,7/3/2014,184,197m,"3/8"" black rod",2,48   41,5   pots 0.4   0.36   0.32   0.308   .3   off,50,297,18.5,17.1,0.62,1.8,64,493
Fernandez-Pello,P5,7/14/2014,195,202m,"0.5"" black rod",2,Fan pot 1.5 (5cm/s)   0.9   0.4   0.36   0.32   0.308   0.3   0.29   0.28   0 ext,5 down to ext,250>50,313,19.3,17.6,0.32,1.67,0,525
Fernandez-Pello,P6,7/3/2014,184,186m,"1/4"" black rod",2,48   41,5   pots 0.4   0.36   0.32   0.31   off,50,162,18.9,18.5,0.3,0.62,0,64
Fernandez-Pello,P8,7/3/2014,184,197m,"3/8"" black rod",2,48   62   75,5   would not stay lit   10   15 ibid,50,66,16.4,16.3,0.72,0.81,44,69
Fernandez-Pello,P9,7/14/2014,195,202m,"0.5"" black rod",2,Fan pot 1.5 (5cm/s)   0.9   0.4   0.36   0.32   0.3   0.28 ext,5 down to ext,50,148,17.6,17.1,1.67,2.1,525,535
Fernandez-Pello,P10,7/3/2014,184,187m,"1/4"" black rod",2,48   41,5   pots 0.4   0.36   0.32   0.31   0.30 extinguished,50,221,17,16.4,0.29,0.72,2,44
Fernandez-Pello,P12,7/29/2014,210,199m,"3/8"" black rod",2,60  52  48  44.5  42  41.5  41 (2.6  1.6  1.2  .75  .5  .4  .36  0.34),5   3  2  1   0.5   lower,250,273,17.5,16.8,0.29,0.95,2,57
Fernandez-Pello,P13a,7/14/2014,195,203m,"0.5"" black rod",2,Fan pot 1.1 (5cm/s)   0.4   0.36   0.32   0.3   0.28   0.26   0 ext,5 down to ext,50,255,20.7,19.1,0.36,1.63,38,450
Fernandez-Pello,P13b,7/14/2014,195,203m,"0.5"" black rod",2,Fan pot 1.3 (5cm/s)   0.4   0.36   0.32 ext,5 down to ext,50,94,20.6,20.2,0.41,0.62,5,72
Fernandez-Pello,P14,6/23/2014,174,189M,1/4 blac rod,2,46   41,5   low (.85   .4   .32),250,162,18.4,18,0.34,0.62,3,90
Fernandez-Pello,P15,6/23/2014,174,190M,1/4 black rod,2,46   41,5   (0.36),250   50,170,18,17.5,0.62,1.11,90,108
Fernandez-Pello,P16,7/22/2014,203,191m,"1/4"" black rod",2,49  62  44  41.5  41 (pots 1.3   2.8   0.7   0.4   0.36   0.32),5  8  2  low,250  50,129,18.2,17.4,0.3,0.92,0,56
Fernandez-Pello,P17,7/29/2014,210,192m,"1/4""  black rod",2,60  52  48  233  48  41 (2.6   1.6   1.2   10   1.2   0.36   0.34),5   3   2   22   2   low,250,186,16.8,16.5,0.95,1.34,57,68
Fernandez-Pello,P18,7/30/2014,211,193m,"1/4"" black rod",2,55  47  etc (pot 1  2  1  2   etc),2  0  2  0  etc,250,280,20,19,0.34,1.2,1,26
Fernandez-Pello,P19,7/22/2014,203,194m,"1/4"" black rod",2,49  62  44  41.5  122   41 (pots 1.3   2.8   0.7   0.4   0.36   10.   0.32),5  8  2  max   0,250   50,279,17.5,16.7,0.9,1.61,54,94
Fernandez-Pello,P20,7/30/2014,211,195m,"1/4"" black rod",2,55  47  etc (pot 1  2  1  2   etc),2  0  2  0  etc,50,311,19,18.2,0.34,1.05,2,78
Fernandez-Pello,P21a,6/23/2014,174,196M,1/4 black rod,2,46,5,250,57,16.3,16.3,0.96,1,86,94
Fernandez-Pello,P21b,6/23/2014,174,196M,"1/4"" black rod",2,46,5,250,14,16.3,16.3,1,1.03,94,98
Fernandez-Pello,P22a,7/8/2014,189,200m,"3/8"" black rod",2,5   0.36   0.32 ext after some time,5   down to ext,250>50,83,20.8,0.6,0.32,none,4,none
Fernandez-Pello,P22b,7/8/2014,189,200m,"3/8"" black rod",2,5   p.36   0.34   0.33   0.32   0.31 ext,5 down to ext,50,155,20,39.1,none,1.09,none,239
Fernandez-Pello,P23,7/30/2014,211,201m,"3/8"" black rod",2,55  47  etc (pot 1  2  1  2   etc),2  0  2  0  etc,50,242,18.2,17,1.05,2.08,78,159
Fernandez-Pello,P24,7/30/2014,211,819L,"3/8"" black rod",2,55  47  etc (pot 1  2  1  2   etc),2  0  2  0  etc,250>50,308,19,17.5,1.2,2.24,26,260
Fernandez-Pello,P25,7/8/2014,189,217m,"3/8"" clear rod",2,5   p.36   0.34   0.33   0.32   0.31 ext,5 down to ext,50,246,20.9,20.2,0.38,1,43,205
T'ien,T1,2/14/2014,45,128,2 cm SIBAL,2,80,10,50,85,18.5,18.5,0.35,0.41,0,40
T'ien,T2,2/14/2014,45,129,2 cm SIBAL,2,80   59   55,9   5   4,50,100,18.5,18.5,0.41,0.45,40,78
T'ien,T3,6/27/2014,178,182m,4 cm spherical section,2,63,10,250,166,17.2,16.8,0.42,0.7,45,113
T'ien,T4,2/14/2014,45,130,2 cm SIBAL,2,80   46,9  1,50,97,18.7,18.7,0.44,0.45,59,72
T'ien,T5,4/10/2014,100,131,2 cm SIBAL,2,2.72   0.50   0.42,10   2   1,50,100,18.8,18.9,0.2,0.25,2,41
T'ien,T6,4/10/2014,100,132,2 cm SIBAL,2,,5  2  1   <1,50,117,18.8,18.8,0.24,0.28,39,77
T'ien,T7,7/9/2014,190,182m,4 cm spherical section,2,3.4   67,10   5  3  1   decr,250,299,17.3,17.1,0.32,0.59,49,140
T'ien,T9,6/24/2018,175,133M,2 cm SIBAL,2,pot 2.5,10,250,48,16.4,16.4,0.3,0.31,0,9
T'ien,T10,6/24/2014,175,134M,2 cm SIBAL,2,pot 1.1,5,250,43,16.4,16.5,0.31,0.33,9,14
T'ien,T11,6/27/2014,178,135m,2 cm SIBAL,2,48,5,250,109,17.1,17,0.35,0.39,1,45
T'ien,T12,6/27/2014,178,136m,2 cm SIBAL,2,pot 1.1,5,250,39,16.8,16.9,0.7,0.7,113,117
T'ien,T13,4/10/2014,100,137,2 cm SIBAL,2,,5  1,50,55,17.5,17.6,0.19,0.2,2,12
T'ien,T14,6/27/2014,178,140m,2 cm SIBAL,2,,5  3,250,119,16.9,16.9,0.7,0.72,117,152
T'ien,T15,2/14/2014,45,138,2 cm SIBAL,0,80122,9   29,50,46,18.7,18.7,0.45,0.51,72,102
T'ien,T16,4/10/2014,100,139,2 cm SIBAL,2,,5  3,50,100,17.6,17.5,0.21,0.21,17,41
T'ien,T17,6/27/2014,178,142m,2 cm SIBAL,0,,6   53,250,83,16.9,16.9,0.72,0.75,152,190
T'ien,T18,6/24/2018,175,141M,2 cm SIBAL,2,,5  2,250,49,17.4,17.4,0.36,0.38,2,22
T'ien,T19,7/9/2014,190,143m,1 cm SIBAL,2,68.5   pot 3.6,11,250,73,17.2,17.2,0.29,0.31,1,20
T'ien,T20,7/9/2014,190,144m,1 cm SIBAL,2,3.6   0.9,11   3,250,117,17.2,17.2,0.31,0.31,20,34
T'ien,T21,7/9/2014,190,145m,1 cm SIBAL,0,1.6 pot   52,11   max(47),250,151,17.2,17.2,0.31,0.32,34,45
T'ien,T22,7/9/2014,190,146m,1 cm SIBAL,2,3.4   1.7,10   5,250,38,17.1,17,0.59,0.62,140,162
T'ien,T23,7/9/2014,190,133m,2 cm Sibal   moved igniter,2,3.3   66,10,250,203,17.2,17.3,0.32,0.32,45,49
T'ien,T24,7/9/2014,190,133m,1 cm SIBAL   top side ign,2,3.3 66,10,250,130,18.2,18.2,0.51,0.53,85,107
T'ien,T25,8/4/2014,216,138m,2 cm SIBAL,1,53   45,5   2.5,250,75,20.8,20.7,0.36,0.39,-1,17
T'ien,T26,8/4/2014,216,137m,2 cm SIBAL,1,53   45,5   2.5,250,87,20.8,20.7,0.36,0.43,-1,24
T'ien,T27,8/4/2014,216,146m,1 cm SIBAL,1,53   45,5   2,250,58,20.7,20.6,0.41,0.42,-1,9
T'ien,T28a,8/4/2014,216,144m,1 cm SIBAL,1,53,5,250,19,20.7,0.9,0.41,none,-1,none
T'ien,T28b,8/4/2014,216,144m,1 cm SIBAL,1,53,5,250,27,20.7,40.4,none,0.42,none,2
T'ien,T29,8/4/2014,216,145m,1 cm SIBAL,1,53   43,5   2(?),250,60,20.7,20.5,0.41,0.44,-1,10
